Timestamp,MMSI,Distance_km
2025-01-30 00:00:10,2579999,3914.6411872753997
2025-01-30 00:01:50,2579999,201.88871620534962
2025-01-30 00:02:10,2579999,201.88857084706137
2025-01-30 00:01:47,209392000,3992.206359938259
2025-01-30 00:01:31,211152520,4060.3298263633724
2025-01-30 00:00:09,211188000,4046.614473686643
2025-01-30 00:01:46,211211230,3931.691054410881
2025-01-30 00:02:07,211226140,4099.367121635753
2025-01-30 00:02:30,211226990,4021.152887303123
2025-01-30 00:01:06,211284050,4022.7593725432166
2025-01-30 00:03:39,211376820,3893.3640627962077
2025-01-30 00:02:20,211651920,4060.350798771199
2025-01-30 00:01:09,212198000,3946.8166475446487
2025-01-30 00:03:43,218037720,4060.355203867953
2025-01-30 00:02:44,218043440,4005.7607869504077
2025-01-30 00:06:51,218047870,4043.3080005454817
2025-01-30 00:01:18,218061300,3990.6624619634235
2025-01-30 00:02:16,218179000,4060.3146810792996
2025-01-30 00:01:56,219000003,3730.116607753374
2025-01-30 00:02:24,219000174,3934.444587377168
2025-01-30 00:02:55,219000177,3923.955533171651
2025-01-30 00:00:27,219000179,3939.19120205985
2025-01-30 00:08:43,219000181,3723.7013325064113
2025-01-30 00:02:21,219000184,3921.6199812647887
2025-01-30 00:00:58,219000245,3893.272961816676
2025-01-30 00:00:07,219000604,3950.6300870446685
2025-01-30 00:02:39,219000606,4001.9713301746897
2025-01-30 00:05:35,219000617,3992.0342991177017
2025-01-30 00:02:06,219000632,3923.007710969876
2025-01-30 00:03:11,219000654,3925.2438169656775
2025-01-30 00:05:03,219000762,3899.887413506163
2025-01-30 00:05:41,219000809,4010.223281309007
2025-01-30 00:00:44,219001083,3773.5424961032754
2025-01-30 00:04:17,219001266,3949.37587068995
2025-01-30 00:00:09,219001553,3742.7853534588335
2025-01-30 00:00:14,219001624,3875.283151767456
2025-01-30 00:05:00,219001764,4026.143937934311
2025-01-30 00:01:53,219002051,3712.991673342921
2025-01-30 00:08:55,219002332,67.20101119070092
2025-01-30 00:01:45,219002409,3875.2043305073294
2025-01-30 00:02:39,219002565,3989.2839485237932
2025-01-30 00:03:24,219002656,4019.522169491551
2025-01-30 00:00:52,219002761,3992.3339653433486
2025-01-30 00:02:33,219002846,3923.9452024880034
2025-01-30 00:03:25,219002955,3885.109100250608
2025-01-30 00:00:08,219002962,4008.4614159968683
2025-01-30 00:02:52,219003121,3922.4983333027453
2025-01-30 00:02:11,219003249,3872.9364848768405
2025-01-30 00:02:57,219003461,3923.7883580702496
2025-01-30 00:02:28,219003485,3872.7085819156605
2025-01-30 00:01:26,219003561,3949.2078105724354
2025-01-30 00:02:19,219003826,3844.9895628198797
2025-01-30 00:05:01,219004365,3741.6653015648844
2025-01-30 00:02:17,219004529,3810.456293035131
2025-01-30 00:02:35,219004616,3742.9888398362077
2025-01-30 00:02:22,219005252,3923.057411892705
2025-01-30 00:04:59,219005803,3713.0809596936197
2025-01-30 00:01:26,219006099,3948.91300449592
2025-01-30 00:05:17,219006152,4019.4949992317574
2025-01-30 00:00:50,219006177,3920.141073219232
2025-01-30 00:05:42,219006383,3712.9195570525208
2025-01-30 00:05:33,219006552,3812.347234630718
2025-01-30 00:01:35,219006564,3920.4445850851966
2025-01-30 00:01:31,219006792,3713.079973139097
2025-01-30 00:02:46,219006918,3713.1516758192743
2025-01-30 00:01:48,219007078,3830.5212854764254
2025-01-30 00:02:35,219007414,3699.087411781161
2025-01-30 00:03:12,219007577,3713.0258268410953
2025-01-30 00:04:13,219007932,4008.457515331822
2025-01-30 00:03:04,219008177,3874.736846600571
2025-01-30 00:05:39,219009081,3909.999126685042
2025-01-30 00:02:39,219009335,3742.8898204774537
2025-01-30 00:01:34,219009799,3712.9648563160117
2025-01-30 00:04:33,219010246,3802.859991929463
2025-01-30 00:05:19,219010487,3765.968406802846
2025-01-30 00:06:56,219010706,3772.5540325383736
2025-01-30 00:02:13,219010747,3925.8164869366774
2025-01-30 00:01:30,219010921,3868.380441167646
2025-01-30 00:01:48,219011069,3727.1808687805205
2025-01-30 00:01:57,219011207,3950.455373562498
2025-01-30 00:02:35,219011289,3996.6197054263216
2025-01-30 00:02:49,219012277,3923.0481130880094
2025-01-30 00:01:21,219012459,3713.103335271326
2025-01-30 00:02:39,219012789,3964.105745583628
2025-01-30 00:01:34,219013005,3724.0296391000084
2025-01-30 00:02:43,219013359,3984.2854290847704
2025-01-30 00:00:55,219013667,3916.981327586826
2025-01-30 00:03:38,219013933,3699.261693922971
2025-01-30 00:01:34,219013968,3765.9163118585634
2025-01-30 00:02:57,219014192,3712.9061540590915
2025-01-30 00:00:48,219014266,3923.030342382388
2025-01-30 00:02:35,219014412,3971.5286206491965
2025-01-30 00:06:39,219014686,3927.066317462199
2025-01-30 00:05:04,219014727,3922.846154732363
2025-01-30 00:01:15,219014818,3923.3206711705866
2025-01-30 00:01:14,219015427,3829.3570917445554
2025-01-30 00:01:35,219015791,3779.846782295731
2025-01-30 00:01:35,219016547,3963.6163975475133
2025-01-30 00:04:15,219016577,4039.2227277342326
2025-01-30 00:00:45,219016663,3942.0490296001362
2025-01-30 00:02:06,219017081,3988.505905250374
2025-01-30 00:02:17,219017202,3923.759674920391
2025-01-30 00:01:58,219017273,3949.2909421634404
2025-01-30 00:08:32,219017288,3922.8398612640817
2025-01-30 00:06:52,219017886,3917.954937672211
2025-01-30 00:00:05,219017917,4008.065341746758
2025-01-30 00:01:33,219018032,3934.4372263618925
2025-01-30 00:00:49,219018044,3844.253636702175
2025-01-30 00:06:39,219018456,3873.0866440791237
2025-01-30 00:02:32,219018733,3884.4066830995735
2025-01-30 00:00:10,219019067,3701.203009384692
2025-01-30 00:04:31,219019547,3892.4306890201988
2025-01-30 00:02:21,219019934,3949.002945281885
2025-01-30 00:03:22,219020153,3934.4908481169373
2025-01-30 00:05:37,219020391,3994.6462122731573
2025-01-30 00:01:50,219020566,3965.511412055949
2025-01-30 00:03:10,219020900,3923.7718832189285
2025-01-30 00:05:26,219021119,3874.8318623703008
2025-01-30 00:02:54,219022124,3772.597987531716
2025-01-30 00:01:19,219022267,3910.395777123558
2025-01-30 00:05:40,219022362,4017.732219209079
2025-01-30 00:02:43,219022518,3921.269417706845
2025-01-30 00:01:55,219022580,3949.710338454831
2025-01-30 00:02:40,219022614,3990.736813853685
2025-01-30 00:01:43,219023018,3923.7815836011077
2025-01-30 00:08:55,219023030,3901.8762367553722
2025-01-30 00:03:39,219023312,3893.6092136338707
2025-01-30 00:01:57,219023531,4007.7784956532473
2025-01-30 00:05:08,219023671,3897.442425294345
2025-01-30 00:05:41,219023811,4019.477545846393
2025-01-30 00:02:35,219024077,3948.152980318799
2025-01-30 00:02:53,219024185,3814.5982732345524
2025-01-30 00:00:17,219024411,3766.3046207000707
2025-01-30 00:01:52,219024815,3875.2324190870836
2025-01-30 00:01:50,219024915,3772.4813978775983
2025-01-30 00:01:32,219025072,4000.272022538694
2025-01-30 00:01:22,219025125,3958.394050207265
2025-01-30 00:04:36,219025446,3932.7101601386457
2025-01-30 00:02:53,219025523,3987.8030434364628
2025-01-30 00:08:29,219026048,4047.0954222997093
2025-01-30 00:02:07,219026300,3922.9260667855106
2025-01-30 00:01:32,219026305,3922.9710290651183
2025-01-30 00:02:58,219026457,3899.241025549696
2025-01-30 00:02:21,219026536,3772.551161140199
2025-01-30 00:00:31,219027290,3844.8440303872962
2025-01-30 00:02:29,219028008,3699.2122748243805
2025-01-30 00:01:00,219028256,3741.7172241970866
2025-01-30 00:02:52,219028507,3923.808003409396
2025-01-30 00:05:51,219028635,4007.718856382007
2025-01-30 00:05:16,219028645,3964.2564979128447
2025-01-30 00:01:46,219028878,3875.2929489677263
2025-01-30 00:00:52,219029135,3934.6783944053614
2025-01-30 00:04:21,219029338,3900.007904322523
2025-01-30 00:02:47,219029349,3964.5776592088337
2025-01-30 00:05:46,219029367,3987.25345688168
2025-01-30 00:04:15,219029386,3899.0040076950486
2025-01-30 00:03:16,219029523,3699.4091021081877
2025-01-30 00:05:04,219029531,3895.9827191181435
2025-01-30 00:02:16,219029714,3772.544960493661
2025-01-30 00:07:32,219029878,3996.2400166397997
2025-01-30 00:05:39,219030040,3946.853206598312
2025-01-30 00:02:20,219030124,3772.1380290673083
2025-01-30 00:01:09,219030336,3764.4970328632576
2025-01-30 00:02:08,219030412,3713.121719799627
2025-01-30 00:01:56,219030887,3862.7578068410257
2025-01-30 00:01:51,219031164,3826.486984923792
2025-01-30 00:02:37,219031192,3915.5829747341163
2025-01-30 00:02:34,219031421,3978.7271042632624
2025-01-30 00:03:17,219031423,3729.7350746145376
2025-01-30 00:07:58,219031520,3782.764782869931
2025-01-30 00:01:41,219031529,3919.6482982311077
2025-01-30 00:09:04,219031721,3977.6171103168513
2025-01-30 00:02:46,219031731,3964.0971011246115
2025-01-30 00:01:50,219031896,3923.787820905469
2025-01-30 00:02:26,219032276,3727.2822065539376
2025-01-30 00:09:19,219032365,4007.6286827574263
2025-01-30 00:01:44,219032616,3827.690317608878
2025-01-30 00:02:00,219032845,3988.6893349358957
2025-01-30 00:01:25,219032946,3996.1799325448364
2025-01-30 00:02:49,219033037,3823.27720842446
2025-01-30 00:04:41,219033077,4041.0337898308253
2025-01-30 00:02:47,219033089,4041.218915763067
2025-01-30 00:02:39,219033187,3901.890555228363
2025-01-30 00:01:15,219033214,3900.102486354189
2025-01-30 00:01:06,219033266,3971.6061877045863
2025-01-30 00:02:23,219034187,3817.0363177899135
2025-01-30 00:01:33,219034334,3804.2988868412463
2025-01-30 00:01:45,219111114,3730.2254262350943
2025-01-30 00:04:28,219173000,3988.8842133987528
2025-01-30 00:02:54,219236000,3712.8508445149273
2025-01-30 00:02:57,219305000,3971.4470266813564
2025-01-30 00:01:57,219440000,3882.8077989656244
2025-01-30 00:00:32,219570000,3950.2826379326025
2025-01-30 00:01:32,219615000,3950.4694390987593
2025-01-30 00:03:27,219669000,3950.236780322192
2025-01-30 00:00:28,219849000,3729.7237760669827
2025-01-30 00:02:14,219944000,3765.9610709324947
2025-01-30 00:04:31,219997000,3896.3499244218237
2025-01-30 00:00:55,220257000,3716.9774502620053
2025-01-30 00:02:39,220490000,3813.5759864984157
2025-01-30 00:02:32,228085000,3948.860239876037
2025-01-30 00:02:17,229364000,3701.912631268521
2025-01-30 00:01:07,231887000,3730.0902911103294
2025-01-30 00:02:41,235078256,3804.334776816799
2025-01-30 00:01:07,235091458,4041.093359314627
2025-01-30 00:02:22,238056000,3951.3691651955724
2025-01-30 00:02:11,244995000,3994.664167435615
2025-01-30 00:01:22,245875000,4040.9082208871937
2025-01-30 00:01:39,246108000,3912.61045073049
2025-01-30 00:02:24,246645000,3944.753813409759
2025-01-30 00:02:39,246668000,3933.6414969476746
2025-01-30 00:05:02,246774000,4094.5861682463674
2025-01-30 00:05:02,246793000,4003.32913556707
2025-01-30 00:04:48,248219000,3988.5578314615736
2025-01-30 00:01:31,255805882,3923.970990443799
2025-01-30 00:02:58,255806224,3911.95606063994
2025-01-30 00:02:42,255806258,3939.4600486263976
2025-01-30 00:02:43,255806370,3885.962973069196
2025-01-30 00:01:34,255915569,3950.0889783030475
2025-01-30 00:02:42,255915769,4040.9042405266005
2025-01-30 00:02:43,256038000,3933.674330983627
2025-01-30 00:09:19,257048860,3741.6791486613097
2025-01-30 00:00:17,257562000,3701.0347472743993
2025-01-30 00:01:21,257956000,3707.4002091752964
2025-01-30 00:01:45,258003290,3822.406412968592
2025-01-30 00:02:23,259027440,3935.382899260371
2025-01-30 00:02:54,259222000,3949.3401383279556
2025-01-30 00:08:01,261002545,3917.0645985177152
2025-01-30 00:05:53,265012140,3701.5657049121874
2025-01-30 00:02:41,265023550,3889.799729057394
2025-01-30 00:00:23,265060520,3904.7697426886684
2025-01-30 00:00:17,265411000,3972.9909547148495
2025-01-30 00:01:26,265516080,3933.8924003006496
2025-01-30 00:02:29,265522490,3937.8265893265916
2025-01-30 00:01:24,265526690,3935.288300425627
2025-01-30 00:04:42,265542540,3935.2775987594673
2025-01-30 00:02:34,265563720,3883.663349779012
2025-01-30 00:01:56,265591210,3904.7969647088194
2025-01-30 00:02:51,265698740,3899.862154084312
2025-01-30 00:02:21,265724000,3931.918756573593
2025-01-30 00:04:51,265772310,3890.0929672713173
2025-01-30 00:03:30,265781150,3859.281768433248
2025-01-30 00:05:37,265787380,3859.326157048064
2025-01-30 00:05:06,265798780,3923.2523147028833
2025-01-30 00:02:35,265807560,3933.8947565404724
2025-01-30 00:04:13,265830360,3934.1073995613665
2025-01-30 00:02:35,265859000,3844.3598721415365
2025-01-30 00:00:05,266066000,3704.887137781506
2025-01-30 00:01:11,266203000,3705.732908579112
2025-01-30 00:01:30,268249201,3904.698336895371
2025-01-30 00:02:55,277354000,3698.5159297801956
2025-01-30 00:07:50,304855000,4038.9887647024975
2025-01-30 00:03:37,305714000,3713.040338399462
2025-01-30 00:02:11,311001594,3701.468833424589
2025-01-30 00:02:46,372939000,3703.3250213816577
2025-01-30 00:01:29,538007841,3700.689363358335
2025-01-30 00:02:23,538009109,3709.2267241463055
2025-01-30 00:02:46,613908341,3709.2252747151424
2025-01-30 00:09:15,636016149,3674.8230611435315
2025-01-30 00:00:06,636023734,3688.9734175891526
2025-01-30 00:12:10,2579999,201.88838725972943
2025-01-30 00:12:12,2579999,201.88842291658054
2025-01-30 00:12:30,2579999,201.8881275421426
2025-01-30 00:15:03,218030430,4060.2639417302794
2025-01-30 00:13:31,219005474,3773.0968261888165
2025-01-30 00:11:32,219017009,3792.2154878947463
2025-01-30 00:17:06,219018258,3971.494487703768
2025-01-30 00:14:57,219027738,3934.453112209651
2025-01-30 00:14:05,219029963,3727.3617985693495
2025-01-30 00:17:34,219030557,3948.3292459308573
2025-01-30 00:17:04,244020613,56.35868928053811
2025-01-30 00:18:42,244740080,4094.2628137795036
2025-01-30 00:17:31,246766000,54.100826296079305
2025-01-30 00:13:46,477112100,3816.2916725171476
2025-01-30 00:22:50,2579999,201.888996574223
2025-01-30 00:26:00,211399000,4076.945180477986
2025-01-30 00:25:03,244020613,53.95834732764382
2025-01-30 00:25:29,250002903,193.89492819599633
2025-01-30 00:25:37,250002903,193.89405561050512
2025-01-30 00:27:10,352001758,4055.495825233351
2025-01-30 00:34:26,219023054,3772.604954330914
2025-01-30 00:33:33,219030216,3874.6123179676306
2025-01-30 00:32:00,255805979,4057.437701785773
2025-01-30 00:33:51,265572330,759.9452461725168
2025-01-30 00:33:59,265572330,759.9452461725168
2025-01-30 00:41:10,2579999,201.88983892007687
2025-01-30 00:41:12,2579999,201.890199026845
2025-01-30 00:41:50,2579999,201.88980984804454
2025-01-30 00:51:50,2579999,201.88551730064276
2025-01-30 01:05:28,219010706,87.42560808272668
2025-01-30 00:59:59,219027828,3902.039623502986
2025-01-30 00:59:37,244020613,40.72325402802331
2025-01-30 01:03:23,636022775,665.613042107688
2025-01-30 01:10:30,2579999,201.88935906935225
2025-01-30 01:20:50,2579999,201.8872223180178
2025-01-30 01:23:40,209916000,632.1191438747716
2025-01-30 01:20:01,219423000,626.7978282448585
2025-01-30 01:39:10,2579999,201.88708968908
2025-01-30 01:39:12,2579999,201.888076221221
2025-01-30 01:39:30,2579999,201.88785683784863
2025-01-30 01:41:05,265509150,3699.762308530067
2025-01-30 01:49:50,2579999,201.88745039186117
2025-01-30 02:02:52,245613000,10687.997082246246
2025-01-30 02:02:16,636020815,616.5572841786428
2025-01-30 02:08:10,2579999,201.8886109535872
2025-01-30 02:08:12,2579999,201.8886109535872
2025-01-30 02:08:30,2579999,201.88859037192552
2025-01-30 02:06:03,211190000,604.7821832202158
2025-01-30 02:11:19,218197000,167.8052308562159
2025-01-30 02:12:42,219009338,971.6363917812981
2025-01-30 02:18:50,2579999,201.88645032511494
2025-01-30 02:28:52,2579999,201.88625253915743
2025-01-30 02:29:10,2579999,201.886838633675
2025-01-30 02:47:10,2579999,201.88952691409816
2025-01-30 02:48:52,210510000,77.98579566306603
2025-01-30 02:48:57,210510000,78.0294892778568
2025-01-30 02:48:50,219448000,719.8086230105528
2025-01-30 02:46:13,257683000,681.3931878439172
2025-01-30 02:44:35,636017570,667.3412222097971
2025-01-30 02:44:55,636017570,667.206271428483
2025-01-30 02:45:35,636017570,667.1942116691698
2025-01-30 02:45:54,636017570,667.060845015818
2025-01-30 02:58:10,2579999,201.89124574725454
2025-01-30 02:58:50,2579999,201.88849850749483
2025-01-30 02:59:00,2579999,201.88841129119928
2025-01-30 02:59:30,2579999,201.88768642541888
2025-01-30 02:51:37,212499000,10882.298318854333
2025-01-30 02:51:44,212499000,10882.350135542283
2025-01-30 02:51:58,255802840,3521.3912264121004
2025-01-30 02:51:45,636021040,580.4065093725674
2025-01-30 03:06:10,2579999,201.8866753421829
2025-01-30 03:06:12,2579999,201.88609583646166
2025-01-30 03:06:30,2579999,201.88525468341143
2025-01-30 03:02:32,246607000,194.32725706708803
2025-01-30 03:04:13,311028300,2137.6170519601183
2025-01-30 03:16:50,2579999,201.88640438792007
2025-01-30 03:15:21,218197000,167.80617194071812
2025-01-30 03:27:10,2579999,201.88649826763168
2025-01-30 03:29:00,210510000,11557.744895837304
2025-01-30 03:29:19,210510000,11557.636258656614
2025-01-30 03:23:53,230981000,317.9248204014566
2025-01-30 03:29:26,255814000,6451.011091583311
2025-01-30 03:37:10,2579999,201.8827025846037
2025-01-30 03:37:12,2579999,201.88408758523283
2025-01-30 03:37:30,2579999,201.88408758523283
2025-01-30 03:30:58,209276000,976.040376787152
2025-01-30 03:31:00,209276000,976.052056938339
2025-01-30 03:35:51,219472000,8161.743198108231
2025-01-30 03:36:32,219472000,8161.742086157893
2025-01-30 03:45:50,2579999,201.88742884939504
2025-01-30 03:55:50,2579999,201.88072556374004
2025-01-30 03:56:10,2579999,201.88205900647768
2025-01-30 03:57:10,2579999,201.88226233983863
2025-01-30 03:49:01,212499000,618.6162708134214
2025-01-30 03:49:08,212499000,618.701677430627
2025-01-30 03:52:58,219423000,264.5152481525736
2025-01-30 04:06:30,2579999,201.88304101712492
2025-01-30 04:06:22,212882000,650.2853674753213
2025-01-30 04:14:50,2579999,201.8874459214459
2025-01-30 04:24:50,2579999,201.8907217437288
2025-01-30 04:24:52,2579999,201.89130125027768
2025-01-30 04:25:10,2579999,201.89060545815934
2025-01-30 04:24:10,265572330,747.818306456054
2025-01-30 04:31:10,219000429,611.6146298268492
2025-01-30 04:43:50,2579999,201.88761785231293
2025-01-30 04:54:10,2579999,201.88583774863292
2025-01-30 04:47:02,219004145,3990.798948315537
2025-01-30 05:03:50,2579999,201.88618196439253
2025-01-30 05:04:10,2579999,201.8885454105809
2025-01-30 05:04:12,2579999,201.88858572393454
2025-01-30 05:04:30,2579999,201.88904894082907
2025-01-30 05:21:46,244468000,2914.908062752208
2025-01-30 05:24:02,235116828,1106.622720734635
2025-01-30 05:27:57,266169000,3751.0432597002296
2025-01-30 05:43:50,2579999,201.88787932503828
2025-01-30 05:41:21,210399000,81.08516896792547
2025-01-30 05:41:24,210399000,81.08634939906244
2025-01-30 05:49:03,219027906,3699.2060677059167
2025-01-30 05:47:59,219033460,3712.8539669973397
2025-01-30 05:49:29,246925000,1970.7425607877026
2025-01-30 05:54:10,2579999,201.88659031263148
2025-01-30 05:52:58,219000429,11853.993754696236
2025-01-30 05:57:47,219016665,196.5488787065161
2025-01-30 06:02:10,2579999,201.8853103734132
2025-01-30 06:02:20,2579999,201.88536193987682
2025-01-30 06:02:30,2579999,201.88573328124343
2025-01-30 06:05:51,211190000,1360.3349368826696
2025-01-30 06:05:54,250002903,193.90621898714187
2025-01-30 06:07:36,250002903,193.91346914465183
2025-01-30 06:12:50,2579999,201.8862340590522
2025-01-30 06:11:58,219019518,3920.9423124986783
2025-01-30 06:23:10,2579999,201.89033587086703
2025-01-30 06:24:32,219025067,3884.3980192085287
2025-01-30 06:25:41,219025212,3711.7883272548997
2025-01-30 06:20:52,265527030,3699.7973394046503
2025-01-30 06:41:32,2579999,201.88328756612557
2025-01-30 06:41:50,2579999,201.88322942341313
2025-01-30 06:40:24,211188000,723.6926302943285
2025-01-30 06:44:06,211765740,4024.8631894495165
2025-01-30 06:38:55,219009338,13019.899025414572
2025-01-30 06:38:53,265829020,3812.7519108792844
2025-01-30 06:49:10,2579999,201.88484207922986
2025-01-30 06:52:10,2579999,201.885131526028
2025-01-30 06:52:50,2579999,201.8860414053654
2025-01-30 06:52:52,2579999,201.88609954898266
2025-01-30 06:53:10,2579999,201.88634995413287
2025-01-30 06:48:51,265572330,41.59720385654374
2025-01-30 06:48:59,265572330,41.597389973228225
2025-01-30 06:58:29,305741000,610.3734595718165
2025-01-30 06:58:34,305741000,610.4062331228338
2025-01-30 07:02:30,2579999,201.88492161446797
2025-01-30 07:10:50,2579999,201.8876334229437
2025-01-30 07:02:50,245489000,2914.908285161896
2025-01-30 07:06:19,265572330,747.9179140439031
2025-01-30 07:06:30,265572330,747.9178086419748
2025-01-30 07:17:48,211188000,13991.604246272005
2025-01-30 07:16:42,266469000,3109.2642506712536
2025-01-30 07:21:10,2579999,201.88752704107597
2025-01-30 07:26:25,219000429,604.6386141963133
2025-01-30 07:24:47,245662000,4046.182430002515
2025-01-30 07:31:10,2579999,201.88694053128526
2025-01-30 07:31:12,2579999,201.8870277457495
2025-01-30 07:31:30,2579999,201.8868354899561
2025-01-30 07:34:25,219031429,3712.7366469514996
2025-01-30 07:41:30,2579999,201.88449179065373
2025-01-30 07:41:32,2579999,201.88459024861115
2025-01-30 07:41:50,2579999,201.88507595214813
2025-01-30 07:40:25,219005882,3925.7263224245826
2025-01-30 07:44:28,219017946,3944.2632276464956
2025-01-30 07:52:14,265809910,3933.927142179979
2025-01-30 08:00:10,2579999,201.8865503822707
2025-01-30 08:00:30,2579999,201.8869554583665
2025-01-30 08:02:33,250002903,193.85723935533247
2025-01-30 08:03:50,265572330,94.5156876478747
2025-01-30 08:04:00,265572330,94.5156876478747
2025-01-30 08:04:41,219028973,733.1497131306045
2025-01-30 08:04:47,219028973,733.149592774856
2025-01-30 08:18:50,2579999,201.88621446429383
2025-01-30 08:18:52,2579999,201.88604661980827
2025-01-30 08:19:10,2579999,201.88615632081917
2025-01-30 08:14:56,211727510,1360.3517277810595
2025-01-30 08:15:25,219019887,174.61566617006176
2025-01-30 08:29:10,2579999,201.88903944670557
2025-01-30 08:29:20,2579999,201.889097589117
2025-01-30 08:29:30,2579999,201.88874407073024
2025-01-30 08:39:34,219009338,1936.9441609373002
2025-01-30 08:47:50,2579999,201.88529181868566
2025-01-30 08:47:52,2579999,201.88488015667284
2025-01-30 08:48:30,2579999,201.88532089090003
2025-01-30 08:58:50,2579999,201.88821491624677
2025-01-30 09:06:30,2579999,201.8904624302091
2025-01-30 09:06:50,2579999,201.89124544103112
2025-01-30 09:17:10,2579999,201.88780978369343
2025-01-30 09:19:11,265572330,124.78783800994852
2025-01-30 09:19:20,265572330,124.78846190884924
2025-01-30 09:27:30,2579999,201.88533574221486
2025-01-30 09:29:41,211894140,3941.554967938174
2025-01-30 09:37:50,2579999,201.88707800225902
2025-01-30 09:35:22,205210000,731.0243418212802
2025-01-30 09:36:40,265572330,747.8182486329292
2025-01-30 09:36:50,265572330,747.8183729561472
2025-01-30 09:50:10,2579999,201.88606373645842
2025-01-30 09:49:11,219472000,8161.74297571668
2025-01-30 09:49:21,219472000,8161.74353168969
2025-01-30 09:56:30,2579999,201.88724376131708
2025-01-30 10:02:39,219022341,3987.967978591314
2025-01-30 10:03:58,970283906,3702.6247703958957
2025-01-30 10:06:50,2579999,201.885671844582
2025-01-30 10:07:15,219016806,3742.905613074396
2025-01-30 10:06:14,255915625,8356.068786277812
2025-01-30 10:07:40,255915769,2331.969438193164
2025-01-30 10:15:10,2579999,201.88585074650544
2025-01-30 10:19:23,111219519,3767.609944344842
2025-01-30 10:16:38,244475000,2914.908285108455
2025-01-30 10:28:20,265572330,747.818267907337
2025-01-30 10:28:29,265572330,747.8182486329292
2025-01-30 10:33:30,2579999,201.8847257917866
2025-01-30 10:33:32,2579999,201.88452887564037
2025-01-30 10:33:50,2579999,201.88414628588228
2025-01-30 10:38:51,265572330,747.8181137122966
2025-01-30 10:39:00,265572330,747.8181137122966
2025-01-30 10:43:50,2579999,201.88297029521993
2025-01-30 10:44:30,2579999,201.88269081068188
2025-01-30 10:46:43,210510000,596.5531762182185
2025-01-30 10:52:13,304217000,10687.980291909495
2025-01-30 11:02:30,2579999,201.8872100324011
2025-01-30 11:02:50,2579999,201.8873084904942
2025-01-30 10:59:44,220223000,214.84970807655412
2025-01-30 11:01:15,220223000,213.91784539599
2025-01-30 11:12:50,2579999,201.88696606245404
2025-01-30 11:12:52,2579999,201.88741803800403
2025-01-30 11:13:10,2579999,201.88682070211863
2025-01-30 11:23:10,2579999,201.88524496855254
2025-01-30 11:23:12,2579999,201.88576633137515
2025-01-30 11:23:30,2579999,201.88544188498437
2025-01-30 11:29:29,219560000,623.8300604320374
2025-01-30 11:39:21,219002332,82.88867916436813
2025-01-30 11:46:24,211202400,1148.5316901107847
2025-01-30 11:40:18,219002332,99.44985905533285
2025-01-30 11:45:34,219010921,49.04274826265496
2025-01-30 11:46:56,219027378,3934.735160320746
2025-01-30 11:52:30,2579999,201.88762348520774
2025-01-30 11:49:25,219002332,83.24157462784459
2025-01-30 11:50:48,219002332,81.01907448699576
2025-01-30 11:51:18,219002332,51.40464847355646
2025-01-30 11:51:49,219002332,50.487535931741434
2025-01-30 11:53:36,219010921,49.11545612025662
2025-01-30 11:54:35,219010921,49.14707929526912
2025-01-30 11:51:49,244020613,49.95731917685158
2025-01-30 11:53:17,244020613,258.09390518467444
2025-01-30 11:55:15,244020613,90.65221084232637
2025-01-30 12:11:10,2579999,201.88698646015192
2025-01-30 12:06:40,230617000,600.1011939205533
2025-01-30 12:06:46,230617000,600.009972814358
2025-01-30 12:22:10,2579999,201.8840455914755
2025-01-30 12:29:00,219560000,312.4528318136593
2025-01-30 12:29:06,219560000,312.5515533831585
2025-01-30 12:30:00,219560000,593.5205510367634
2025-01-30 12:30:06,219560000,593.4279045147763
2025-01-30 12:31:37,250002903,193.82347830760082
2025-01-30 12:23:26,255915625,7384.45930428911
2025-01-30 12:40:10,2579999,201.88697054700688
2025-01-30 12:40:52,2579999,201.885565958802
2025-01-30 12:38:44,219034249,3924.9282970425916
2025-01-30 12:32:37,220225000,3765.950262043625
2025-01-30 12:34:24,245911000,13019.899581043577
2025-01-30 12:39:56,265572330,6115.725524577912
2025-01-30 12:40:07,265572330,6115.72074318263
2025-01-30 12:41:10,2579999,201.88568224510647
2025-01-30 12:43:38,305741000,687.5194245571031
2025-01-30 12:43:39,305741000,687.5000587210792
2025-01-30 12:51:36,265572330,46.797196903410104
2025-01-30 12:51:47,265572330,46.797195699160625
2025-01-30 13:10:08,219018788,209.771482379374
2025-01-30 13:10:26,305741000,1061.2959975452648
2025-01-30 13:19:30,2579999,201.88649763106963
2025-01-30 13:27:36,219018743,3948.5695756927366
2025-01-30 13:30:43,246925000,731.6565744584932
2025-01-30 13:40:10,2579999,201.8833923870387
2025-01-30 13:37:27,211921000,635.3267756320398
2025-01-30 13:40:10,219011261,3932.516300799686
2025-01-30 13:42:28,219024775,3992.8777915809255
2025-01-30 13:50:30,2579999,201.88659955037548
2025-01-30 13:54:30,210510000,14185.785836844327
2025-01-30 13:52:56,219000429,296.73473486397484
2025-01-30 13:58:06,219021378,3991.4421809173778
2025-01-30 14:14:49,249387000,247.03645789024623
2025-01-30 14:14:52,249387000,247.118303772525
2025-01-30 14:19:10,2579999,201.88861911885581
2025-01-30 14:19:30,2579999,201.88807334137138
2025-01-30 14:30:59,211190000,8550.406939401379
2025-01-30 14:37:50,2579999,201.88812464326267
2025-01-30 14:38:10,2579999,201.88812464326267
2025-01-30 14:34:31,212499000,76.74459179165346
2025-01-30 14:34:34,212499000,76.72499500903051
2025-01-30 14:36:26,219019887,169.99795743378718
2025-01-30 14:52:40,235116828,172.09026173502764
2025-01-30 15:06:50,2579999,201.88848314589941
2025-01-30 15:07:10,2579999,201.88790363989915
2025-01-30 15:00:45,219000429,9521.996740274079
2025-01-30 15:13:26,245286000,14768.857116970552
2025-01-30 15:20:06,265572330,85.2494808258037
2025-01-30 15:20:16,265572330,85.24925843595095
2025-01-30 15:32:05,250002821,3692.23387734341
2025-01-30 15:32:55,354540000,589.9152247919851
2025-01-30 15:33:06,354540000,590.0863976499313
2025-01-30 15:46:30,2579999,201.88701367651768
2025-01-30 16:06:25,219019887,173.90541453920196
2025-01-30 16:05:56,265572330,1111.9492664455875
2025-01-30 16:06:07,265572330,1111.9494888356594
2025-01-30 16:13:10,2579999,201.88567430706814
2025-01-30 16:13:30,2579999,201.88617125028443
2025-01-30 16:22:40,636023501,194.325589596165
2025-01-30 16:54:04,219018851,140.6380475218359
2025-01-30 16:55:02,219018851,140.67589495598122
2025-01-30 16:46:49,250002821,641.5132044658916
2025-01-30 17:00:50,2579999,201.88994121816205
2025-01-30 17:01:00,2579999,201.88980902396892
2025-01-30 17:01:10,2579999,201.88998345192778
2025-01-30 16:59:43,205196000,730.747827371296
2025-01-30 17:11:10,2579999,201.88608474892692
2025-01-30 17:11:12,2579999,201.88623476559997
2025-01-30 17:11:30,2579999,201.88582310433932
2025-01-30 17:30:10,2579999,201.88718218429364
2025-01-30 17:48:30,2579999,201.88627475474664
2025-01-30 17:48:50,2579999,201.88841561631278
2025-01-30 17:47:46,219002332,84.4717802745787
2025-01-30 17:47:41,245489000,731.1065194969957
2025-01-30 17:49:32,246925000,2914.9079518096096
2025-01-30 17:42:06,265572330,41.597456651944775
2025-01-30 17:42:17,265572330,41.597456651944775
2025-01-30 17:59:10,2579999,201.88977529077826
2025-01-30 17:59:12,218413000,766.3193920088072
2025-01-30 17:50:52,248971000,42.48776154007124
2025-01-30 17:50:55,248971000,42.506249622431554
2025-01-30 18:03:50,210359000,578.8382369919873
2025-01-30 18:09:30,2579999,201.88709895966898
2025-01-30 18:10:17,265572330,94.51535407328083
2025-01-30 18:10:26,265572330,94.5156876478747
2025-01-30 18:10:56,265572330,685.637625093852
2025-01-30 18:11:07,265572330,685.6375006955428
2025-01-30 18:14:55,636019541,2079.4326351514183
2025-01-30 18:20:27,211190000,92.32147816039775
2025-01-30 18:20:32,211190000,92.27889124764579
2025-01-30 18:26:11,219423000,2065.0594203077817
2025-01-30 18:27:52,2579999,201.88750544452262
2025-01-30 18:28:10,2579999,201.88724379172345
2025-01-30 18:37:19,245693000,44.96444846193796
2025-01-30 18:46:30,2579999,201.88437732067243
2025-01-30 18:46:32,2579999,201.88384937436294
2025-01-30 18:46:50,2579999,201.88413350543323
2025-01-30 18:57:10,2579999,201.88761897880465
2025-01-30 19:03:11,311001115,3109.268788541499
2025-01-30 19:07:12,265586020,53.194094477458876
2025-01-30 19:15:50,2579999,201.88734534823067
2025-01-30 19:25:52,2579999,201.88930630241427
2025-01-30 19:26:10,2579999,201.88916094591352
2025-01-30 19:27:30,250002903,193.90032647677188
2025-01-30 19:28:36,250002903,193.89455714637032
2025-01-30 19:55:10,2579999,201.88628338517307
2025-01-30 19:57:35,248971000,371.318531112265
2025-01-30 20:08:37,212499000,80.73022529778241
2025-01-30 20:08:50,212499000,80.73323670780374
2025-01-30 20:10:30,2579999,201.8859057615202
2025-01-30 20:10:50,2579999,201.88573326364278
2025-01-30 20:13:50,2579999,201.88602000820913
2025-01-30 20:10:29,219000429,243.79950497858795
2025-01-30 20:10:42,258763000,15935.018024349838
2025-01-30 20:16:46,265572330,94.51568764787399
2025-01-30 20:16:57,265572330,94.51568764787399
2025-01-30 20:35:10,219000429,1189.1682122192333
2025-01-30 20:35:19,219000429,1189.2376480391197
2025-01-30 20:31:34,248971000,1016.3401764355
2025-01-30 20:31:37,248971000,1016.3640953147135
2025-01-30 20:44:30,2579999,201.88576737425032
2025-01-30 20:44:32,2579999,201.8865906970315
2025-01-30 20:44:50,2579999,201.8870426732872
2025-01-30 20:41:04,248971000,54.58096362818615
2025-01-30 20:41:09,248971000,54.61611464590225
2025-01-30 20:53:10,2579999,201.88822150053105
2025-01-30 20:50:02,246925000,731.1117788297651
2025-01-30 21:13:30,2579999,201.89046001278453
2025-01-30 21:13:50,2579999,201.89109766243172
2025-01-30 21:18:57,248971000,50.46745539490943
2025-01-30 21:21:30,250002903,193.7969451091927
2025-01-30 21:22:37,250002903,193.796996716701
2025-01-30 21:32:10,2579999,201.8848403789048
2025-01-30 21:32:12,2579999,201.88463221919312
2025-01-30 21:32:30,2579999,201.88648702440696
2025-01-30 21:30:32,219016577,1554.6170479720329
2025-01-30 21:38:37,265572330,747.8183642792095
2025-01-30 21:38:47,265572330,747.8183450048027
2025-01-30 21:50:50,2579999,201.88659296007353
2025-01-30 21:51:10,2579999,201.88650574362842
2025-01-30 21:51:35,250002821,469.2866340244396
2025-01-30 21:51:41,250002821,469.32766702499543
2025-01-30 22:09:29,250002903,149.588009080716
2025-01-30 22:10:38,250002903,149.588009080716
2025-01-30 22:19:50,2579999,201.87949298779336
2025-01-30 22:20:10,2579999,201.87900070514485
2025-01-30 22:16:30,250002903,149.57719346759382
2025-01-30 22:16:37,250002903,149.57633678009466
2025-01-30 22:30:10,2579999,201.88414249273666
2025-01-30 22:30:12,2579999,201.88509994452056
2025-01-30 22:30:30,2579999,201.8850662315116
2025-01-30 22:38:30,2579999,201.88844227427586
2025-01-30 22:38:32,2579999,201.88902178055264
2025-01-30 22:38:50,2579999,201.88933498355198
2025-01-30 22:37:29,211378700,4091.7173620463923
2025-01-30 22:30:50,219000431,291.8397418246734
2025-01-30 22:49:10,2579999,201.8873273615778
2025-01-30 23:06:08,219000429,11465.305884067224
2025-01-30 23:00:25,219019887,170.08317564030818
2025-01-30 23:00:52,246607000,194.32703478744907
2025-01-30 23:03:59,538010230,151.299276670125
2025-01-30 23:14:22,210399000,213.10991770699187
2025-01-30 23:14:31,210399000,213.10991770699187
2025-01-30 23:15:21,245489000,731.1062517782308
2025-01-30 23:17:50,2579999,201.8852514038052
2025-01-30 23:17:52,2579999,201.88515759847152
2025-01-30 23:18:10,2579999,201.8849540948166
2025-01-30 23:17:31,210399000,187.73005846076146
2025-01-30 23:22:01,266262000,611.3198998934652
2025-01-30 23:28:10,2579999,201.88396880395183
2025-01-30 23:28:12,2579999,201.88411416503487
2025-01-30 23:28:30,2579999,201.88408509278622
2025-01-30 23:34:00,245489000,731.1065397804849
2025-01-30 23:37:02,245489000,2914.9077292070806
2025-01-30 23:39:28,261006820,683.4042455027717
2025-01-30 23:45:52,211869710,4663.85703704037
2025-01-30 23:57:50,2579999,201.8892706563283
2025-01-30 23:55:38,211833390,591.2623611354359
2025-01-30 23:53:59,219016906,91.28047125735485
2025-01-30 23:58:18,255806476,119.90390844646166
2025-01-30 23:58:29,255806476,119.88479858560022
